NUMBER,SEX,COND,ORDER,EXP,HABIT,HABTRIAL,HABTOT,HM12,  HM11,HM10,HM9,HM8,HM7,HM6,HM5,HM4,HM3,HM2,HM1,N1C,N2C,F1C,F2C,NAVG,  FAVG,NPREF,LOGN1C,LOGN2C,LOGF1C,LOGF2C,LOGNAVG,LOGFAVG
VM5_003,M,ABA,FF,1,YES,8,236158,0,0,0,0,22095,30107,71253,67360,9141,17696,11675,6831,6499,20199,2704,4211,13349,3457.5,0.794275999,3.812846422,4.3053298,3.432006598,3.624385357,4.125448704,3.538762093
VM5_004,M,ABA,FF,1,YES,6,228192,0,0,0,0,0,0,91076,61274,13168,8166,29460,25048,25271,16631,12487,6783,20951,9635,0.684986591,4.402622223,4.220918179,4.096457958,3.831421852,4.321204662,3.983851671
VM5_005,F,ABA,FF,1,YES,8,143738,0,0,0,0,38731,17240,16905,42890,8354,8293,8469,2856,7265,3828,7714,3861,5546.5,5787.5,0.48936826,3.861235619,3.582971811,3.887279749,3.586699724,3.744019032,3.762490988
VM5_007,F,ABA,FF,1,YES,6,152870,0,0,0,0,0,0,18470,90939,17335,8571,7340,10215,8376,8383,8242,4289,8379.5,6265.5,0.572174788,3.923036575,3.923399448,3.916032553,3.632355928,3.923218012,3.796955824
VM5_009,M,ABA,FF,1,YES,5,71649,0,0,0,0,0,0,0,48035,4895,4756,9086,4877,17299,9035,4467,15299,13167,9883,0.571236432,4.238020897,3.955928087,3.650016069,4.184662819,4.119486809,3.994888783
VM5_010,M,ABA,FF,1,NO,12,155013,38080,4316,16742,8439,7338,17041,5996,3638,16091,11043,21289,5000,7754,14124,5804,6511,10939,6157.5,0.639838576,3.88952589,4.149957657,3.763727427,3.813647747,4.038977623,3.789404392
VM5_013,F,ABA,FF,1,YES,5,85571,0,0,0,0,0,0,0,49155,17373,11128,3821,4094,4662,23163,8991,9602,13912.5,9296.5,0.599444211,3.668572187,4.364794731,3.953808069,3.982361794,4.143404961,3.968319416
VM5_016,F,ABA,FF,1,NO,12,95280,17168,7414,5136,5080,4357,12928,7732,4506,4613,4465,4599,17282,3150,2179,5150,4365,2664.5,4757.5,0.359000266,3.498310566,3.338257313,3.711807251,3.639984131,3.425615788,3.677378893
VM5_001,F,ABA,NF,1,YES,6,215013,0,0,0,0,0,0,91305,30476,52213,28736,4147,8136,25484,15220,12045,4011,20352,8028,0.71712476,4.406267643,4.182414532,4.080806732,3.603252649,4.308607101,3.904607296
VM5_002,M,ABA,NF,1,YES,7,112131,0,0,0,0,0,21907,30348,30484,4270,8551,8248,8323,25323,4471,7856,4143,14897,5999.5,0.712894499,4.403515339,3.650404692,3.895201445,3.617314816,4.173099041,3.778115034
VM5_006,F,ABA,NF,1,YES,5,141369,0,0,0,0,0,0,0,91051,29865,8727,7854,3872,13007,25482,4089,4458,19244.5,4273.5,0.818288147,4.114177227,4.406233311,3.611617088,3.64914012,4.284306526,3.630783796
VM5_008,M,ABA,NF,1,YES,5,85152,0,0,0,0,0,0,0,52527,9330,8222,11189,3884,12537,14328,6668,4400,13432.5,5534,0.708222389,4.098193645,4.156185627,3.82399559,3.643452644,4.128156662,3.743039131
VM5_011,F,ABA,NF,1,YES,5,178252,0,0,0,0,0,0,0,90384,51748,17057,17680,1383,5288,9157,859,4685,7222.5,2772,0.722647429,3.723291397,3.96175313,2.933993101,3.67070961,3.858687639,3.442793131
VM5_012,F,ABA,NF,1,YES,12,151071,32314,9489,8409,17174,12270,12659,11642,12809,8846,8933,7677,8849,12610,4190,4041,6861,8400,5451,0.606454432,4.10071516,3.622214079,3.606488943,3.836387396,3.924279213,3.736476183
VM5_17,M,ABA,NF,1,YES,7,134847,0,0,0,0,0,30465,39146,34258,11285,3864,8361,7468,13586,2970,21047,12189,8278,16618,0.3325032,4.13309145,3.472756386,4.323190212,4.085968018,3.917925358,4.220578671
VM5_18,M,ABA,NF,1,YES,5,164648,0,0,0,0,0,0,0,90912,52815,8576,8112,4233,24692,17327,8082,4090,21009.5,6086,0.775387049,4.39255619,4.238723278,3.907518864,3.611723423,4.322415829,3.784332037
VM5_015,F,ABB,FF,1,YES,5,99032,0,0,0,0,0,0,0,60968,13118,8286,8513,8147,12602,6576,13485,8098,9589,10791.5,0.47049877,4.100439548,3.817961693,4.129850864,3.908377886,3.981773376,4.033082008
VM5_24,F,ABB,FF,1,YES,5,69459,0,0,0,0,0,0,0,39800,13369,8276,3936,4078,7356,19654,11315,3915,13505,7615,0.639441311,3.86664176,4.293450832,4.053654671,3.592731714,4.130494595,3.881669998
VM5_23,F,ABB,FF,1,YES,6,222614,0,0,0,0,0,0,92826,82080,16512,8618,11367,11211,41623,16344,18197,27122,28983.5,22659.5,0.561228037,4.619333267,4.213358402,4.259999752,4.433321476,4.462151051,4.355250359
VM5_25,F,ABB,FF,1,YES,5,164332,0,0,0,0,0,0,0,92733,21073,16795,25773,7958,34431,14678,9480,17602,24554.5,13541,0.644551218,4.536949635,4.166666985,3.97680831,4.245562077,4.390130997,4.131650925
VM5_26,F,ABB,FF,1,YES,5,145664,0,0,0,0,0,0,0,90930,8083,12883,16389,17379,12281,8999,11936,8050,10640,9993,0.515678763,4.089233875,3.954194307,4.076858997,3.905795813,4.026941776,3.999695778
VM5_32,F,ABB,FF,1,YES,6,209276,0,0,0,0,0,0,90799,64112,7901,26233,16212,4019,12327,7759,24304,16595,10043,20449.5,0.32935968,4.090857506,3.889805794,4.385677814,4.219977379,4.00186348,4.310682774
VM5_33,F,ABB,FF,1,YES,6,97799,0,0,0,0,0,0,38480,16851,21456,13106,4135,3771,11468,15988,7796,28491,13728,18143.5,0.430729657,4.05948782,4.203794003,3.891871929,4.454707623,4.137607098,4.258720875
VM5_34,F,ABB,FF,1,YES,6,161784,0,0,0,0,0,0,78237,47544,8069,12096,12002,3836,25453,3991,4138,8587,14722,6362.5,0.698238015,4.405738831,3.60108161,3.616790533,3.933841467,4.167966843,3.803627729
VM5_14,M,ABB,NF,1,YES,8,126357,0,0,0,0,14034,4945,26549,47695,4893,13214,5660,9367,42402,8453,3989,3821,25427.5,3905,0.866871238,4.62738657,3.927010775,3.600863934,3.582176924,4.405303478,3.591620922
VM5_019,F,ABB,NF,1,NO,12,95746,13511,2519,9047,7841,2460,6921,6827,10845,1675,8380,17886,7834,4377,10883,20890,15048,7630,17969,0.29805851,3.641176462,4.036748409,4.31993866,4.17747879,3.88252449,4.254523754
VM5_020,M,ABB,NF,1,YES,7,179964,0,0,0,0,0,11294,17840,90355,4122,34854,8763,12736,15881,3530,5014,8850,9705.5,6932,0.583350837,4.200877666,3.547774792,3.700184345,3.946943283,3.98701787,3.840858459
VM5_021,M,ABB,NF,1,YES,5,150768,0,0,0,0,0,0,0,89835,33726,7080,7627,12500,2619,7027,3858,15007,4823,9432.5,0.33832556,3.418135405,3.846770048,3.586362123,4.17629385,3.683317184,3.97462678
VM5_022,M,ABB,NF,1,YES,5,155431,0,0,0,0,0,0,0,91231,25671,13088,13241,12200,37595,13808,12285,10300,25701.5,11292.5,0.694747806,4.575129986,4.140130997,4.089375019,4.01283741,4.409958363,4.052790165
VM5_029,M,ABB,NF,1,YES,5,74700,0,0,0,0,0,0,0,41849,5224,4160,16003,7464,15732,8837,3299,3831,12284.5,3565,0.77507174,4.196784019,3.946304798,3.518382311,3.583312035,4.089357376,3.55205965
VM5_030,M,ABB,NF,1,YES,5,157049,0,0,0,0,0,0,0,90725,8614,21450,25605,10655,8970,7099,9181,4096,8034.5,6638.5,0.547570348,3.952792406,3.851197243,3.96288991,3.612360001,3.904958963,3.822069883
VM5_31,M,ABB,NF,1,YES,9,110451,0,0,0,17356,20232,21983,11270,9200,11317,7343,8297,3453,23455,4772,2521,4378,14113.5,3449.5,0.803592801,4.370235443,3.678700447,3.401572943,3.641275644,4.149634838,3.537756205
VM5_025,M,ABA,FF,2,YES,8,128026,0,0,0,0,30975,8127,38943,8626,6146,17857,14127,3225,20383,3064,4512,4286,11723.5,4399,0.727151513,4.309267998,3.486288786,3.654369116,3.632052183,4.069057465,3.643353939
VM5_023,M,ABA,FF,2,YES,7,76204,0,0,0,0,0,18084,17009,17640,10657,4978,3617,4219,3714,4347,6401,5504,4030.5,5952.5,0.403736353,3.569841862,3.638189554,3.806247711,3.74067831,3.605358839,3.77469945
VM5_027,F,ABA,FF,2,YES,6,235292,0,0,0,0,0,0,93944,71274,14499,18943,9660,26972,12106,16494,3899,8162,14300,6030.5,0.70337671,4.08300066,4.217326164,3.59095335,3.91179657,4.155335903,3.780353308
VM5_029,M,ABA,FF,2,YES,6,184282,0,0,0,0,0,0,83571,39945,21659,22712,8731,7664,9735,4678,4420,19140,7206.5,11780,0.379559159,3.988335848,3.670060158,3.64542222,4.281941891,3.857724428,4.071145058
VM5_030,F,ABA,FF,2,YES,6,118947,0,0,0,0,0,0,52602,32697,13010,8255,7855,4528,3959,3963,11998,15846,3961,13922,0.221495271,3.59758544,3.59802413,4.079108715,4.199919701,3.597804785,4.143701553
VM5_035,M,ABA,FF,2,YES,7,347310,0,0,0,0,0,90854,62015,86826,33543,20993,29395,23684,6897,3775,15896,8002,5336,11949,0.308706969,3.83866024,3.576916933,4.201287746,3.903198481,3.727215767,4.077331543
VM5_038,F,ABA,FF,2,YES,5,162408,0,0,0,0,0,0,0,91280,25448,24569,12114,8997,15637,8273,8457,11294,11955,9875.5,0.547628343,4.194153309,3.917663097,3.927216291,4.052847862,4.077549458,3.99455905
VM5_041,M,ABA,FF,2,YES,5,103131,0,0,0,0,0,0,0,78639,3860,4552,3749,12331,22602,4995,16144,26633,13798.5,21388.5,0.39214766,4.354146957,3.698535442,4.20801115,4.425420284,4.13983202,4.330180168
VM5_024,M,ABA,NF,2,YES,6,52537,0,0,0,0,0,0,8302,23824,8512,3964,3661,4274,7513,3274,4167,3618,5393.5,3892.5,0.58082056,3.875813484,3.515078783,3.619823456,3.55846858,3.731870651,3.590228558
VM5_031,F,ABA,NF,2,YES,5,95203,0,0,0,0,0,0,0,58088,25148,3910,4178,3879,33178,3830,11820,3557,18504,7688.5,0.706461787,4.520850182,3.583198786,4.072617531,3.551083803,4.267265797,3.885841608
VM5_032,F,ABA,NF,2,YES,11,81787,0,26649,4167,4020,3914,9819,3508,10934,8660,3967,3800,2349,12710,3055,10272,7560,7882.5,8916,0.469238311,4.104145527,3.485011101,4.011654854,3.878521681,3.896663904,3.95017004
VM5_034,M,ABA,NF,2,YES,8,97836,0,0,0,0,5275,5591,2503,3262,36384,18404,8559,17858,15434,3106,6247,3417,9270,4832,0.65735358,4.18847847,3.492201567,3.795671463,3.533644915,3.967079639,3.684126854
VM5_033,M,ABA,NF,2,YES,7,170779,0,0,0,0,0,3361,36783,78180,8377,20099,11947,12032,19051,3518,13421,7433,11284.5,10427,0.519747615,4.279917717,3.546295881,4.127784729,3.871164083,4.052482128,4.018159389
VM5_036,F,ABA,NF,2,YES,6,143933,0,0,0,0,0,0,6894,6504,16366,31240,45488,37441,10509,23714,11371,28015,17111.5,19693,0.464929551,4.021561623,4.375004768,4.055798531,4.447390556,4.233288288,4.294312
VM5_039,F,ABA,NF,2,YES,5,87390,0,0,0,0,0,0,0,54368,8758,12209,3437,8618,15884,3795,4215,7635,9839.5,5925,0.624155521,4.200959682,3.579211712,3.624797583,3.882808924,3.992973089,3.772688389
VM5_042,M,ABA,NF,2,YES,8,99104,0,0,0,0,12894,4430,24500,24270,7476,6529,15338,3667,8435,3352,3431,3405,5893.5,3418,0.632927001,3.926084995,3.525304079,3.535420656,3.532117128,3.770373344,3.533771992
VM5_020,F,ABB,FF,2,YES,5,129511,0,0,0,0,0,0,0,84364,22389,6862,4330,11566,4230,5508,6449,7114,4869,6781.5,0.41792199,3.626340389,3.740993977,3.80949235,3.852113962,3.68743968,3.831325769
VM5_021,M,ABB,FF,2,NO,12,130118,11951,7425,5984,12232,9409,30174,6678,13535,9056,11687,6266,5721,3617,5268,4309,2716,4442.5,3512.5,0.558453798,3.558348417,3.721645832,3.634376526,3.433929682,3.647627354,3.545616388
VM5_018,F,ABB,FF,2,NO,12,87143,12911,4073,8445,8561,3819,3566,15654,5785,3402,3659,13666,3602,7368,4126,32069,7305,5747,19687,0.225957379,3.867349625,3.615529299,4.506085396,3.863620281,3.759441137,4.29417944
VM5_022,M,ABB,FF,2,YES,8,300331,0,0,0,0,44859,52576,34389,92776,25115,30760,8256,11600,19429,8507,15415,9620,13968,12517.5,0.52738291,4.288450241,3.92977643,4.187943459,3.983175039,4.145134449,4.09751749
VM5_019,M,ABB,FF,2,YES,8,217811,0,0,0,0,87202,22145,24180,16352,18441,24189,20374,4928,15476,11948,18818,22615,13712,20716.5,0.39827469,4.189658642,4.077295303,4.274573326,4.35439682,4.137100697,4.316316605
VM5_005,F,ABB,FF,2,YES,8,59178,0,0,0,0,15870,12691,4198,15938,3226,3131,2323,1801,19976,3679,91364,15818,11827.5,53591,0.180797487,4.300508499,3.565729856,4.960774899,4.199151516,4.072893143,4.729091644
VM5_040,F,ABB,FF,2,NO,12,86800,7854,7835,3863,15495,3397,3587,7789,3696,16261,3608,9824,3591,7278,22438,3986,3607,14858,3796.5,0.796483397,3.862012148,4.350984097,3.6005373,3.557146072,4.171960354,3.579383373
VM5_043,F,ABB,FF,2,Y,6,171867,0,0,0,0,0,0,68345,33773,37847,19716,5828,6358,3512,4240,3622,2372,3876,2997,0.563945889,3.545554399,3.627365828,3.558948517,3.375114679,3.588383675,3.476686716
VM5_015,M,ABB,NF,2,YES,8,214350,0,0,0,0,55559,12045,13936,87795,15497,12600,3748,13170,4019,4153,2691,3399,4086,3045,0.572991192,3.604118109,3.61836195,3.429913759,3.531351089,3.611298323,3.483587265
VM5_011,F,ABB,NF,2,YES,8,143786,0,0,0,0,49112,10816,16783,33340,7873,18690,4262,2910,6605,23295,3874,18157,14950,11015.5,0.575764,3.819872856,4.36726284,3.588159561,4.25904417,4.174641132,4.042004108
VM5_004,M,ABB,NF,2,YES,7,182268,0,0,0,0,0,8301,41889,92615,13694,8475,13419,3875,4854,3775,3567,4220,4314.5,3893.5,0.525645733,3.686099768,3.576916933,3.552303076,3.625312567,3.634930372,3.590340137
VM5_016,F,ABB,NF,2,NO,12,224942,16821,20101,4616,14660,18991,17700,10561,17705,3901,35625,14927,49334,24203,16360,7094,7289,20281.5,7191.5,0.738233924,4.383869171,4.213783264,3.850891113,3.862668037,4.307100296,3.856819391
VM5_010,F,ABB,NF,2,YES,5,151753,0,0,0,0,0,0,0,84626,13671,34654,8989,9813,11423,14487,79379,25970,12955,52674.5,0.197395995,4.057780266,4.160978317,4.89970541,4.414472103,4.112437248,4.721600533
VM5_009,M,ABB,NF,2,NO,12,191986,12551,3540,4159,13643,8269,20418,29371,61426,17454,12790,4130,4235,14964,14436,16291,3229,14700,9760,0.600981176,4.175047874,4.159446716,4.211947918,3.509068012,4.16731739,3.989449739
VM5_008,F,ABB,NF,2,YES,10,151630,0,0,27119,44129,3273,3732,17943,24218,3656,12470,10474,4616,24513,3964,18275,15124,14238.5,16699.5,0.460226893,4.389396667,3.598133564,4.26185751,4.179666519,4.153464317,4.222703457
VM5_007,M,ABB,NF,2,YES,5,162475,0,0,0,0,0,0,0,93394,34530,15462,6438,12651,4395,9512,32198,6438,6953.5,19318,0.264678448,3.642958879,3.978271723,4.507828712,3.808750868,3.842203379,4.285962105
,F,ABA,FF,3,YES,7,76108,0,0,0,0,0,25963,12294,13046,8990,7686,4835,3294,10093,5942,4748,5191,8017.5,4969.5,0.617348135,4.004020214,3.773932695,3.676510811,3.715250969,3.904038906,3.696312666
,M,ABA,FF,3,YES,8,122412,0,0,0,0,23579,11893,12591,36995,24194,3742,3684,5734,5243,10190,4646,7590,7716.5,6118,0.557772219,3.719579935,4.008174419,3.66707921,3.880241871,3.887420416,3.786609411
,F,ABA,FF,3,YES,5,109124,0,0,0,0,0,0,0,62719,10736,21188,6939,7542,5389,7044,4697,4095,6216.5,4396,0.585771501,3.731508255,3.847819328,3.671820641,3.612253904,3.793545961,3.643057585
,F,ABA,FF,3,YES,5,130201,0,0,0,0,0,0,0,89793,13589,7892,11343,7584,19885,15943,10438,24796,17914,17617,0.504179478,4.29852581,4.202569962,4.018617153,4.394381523,4.253192425,4.245932102
,F,ABA,FF,3,YES,7,99996,0,0,0,0,0,22035,22365,28489,7692,7930,5593,5892,3437,5143,5317,12278,4290,8797.5,0.327793688,3.536179543,3.71121645,3.725666761,4.089127541,3.632457256,3.944359303
,F,ABA,FF,3,NO,12,99146,21435,9799,4486,11294,4843,7140,4538,14495,7986,5793,4244,3093,8041,12234,12347,12239,10137.5,12293,0.451951593,3.905310154,4.087568283,4.091561317,4.087746143,4.005930901,4.089657784
,F,ABA,FF,3,YES,11,89646,0,21633,5392,5894,5344,9042,18491,5443,6140,4087,4237,3943,4046,4936,4790,3940,4491,4365,0.507113814,3.607025862,3.693375111,3.680335522,3.595496178,3.652343035,3.639984131
,M,ABA,NF,3,YES,8,156300,0,0,0,0,45395,7286,20296,33510,15192,11640,17342,5639,5846,4644,6448,5891,5245,6169.5,0.459503263,3.766858816,3.66689229,3.809425116,3.770189047,3.719745398,3.790250063
,F,ABA,NF,3,YES,11,145856,0,20882,8540,14795,21699,17149,22286,9894,7190,14090,4942,4389,3700,7989,3958,5101,5844.5,4529.5,0.563379586,3.56820178,3.902492523,3.597475767,3.70765543,3.766747475,3.656050205
,F,ABA,NF,3,NO,12,104048,8059,17895,5634,12590,7692,4844,8133,16440,4687,8049,5136,4889,7309,2345,3295,3158,4827,3226.5,0.599366724,3.863857985,3.370142937,3.517855406,3.49941206,3.683677197,3.508731604
,F,ABA,NF,3,YES,9,71283,0,0,0,20780,6380,12342,7138,7494,6085,4390,3283,3391,2743,2427,2800,7585,2585,5192.5,0.332369,3.438225746,3.385069847,3.447158098,3.87995553,3.412460566,3.715376616
,F,ABA,NF,3,YES,8,181011,0,0,0,0,26408,18744,30988,50396,13040,11195,5091,25149,4300,4394,6959,5498,4347,6228.5,0.411044389,3.63346839,3.642859936,3.84254694,3.740204811,3.638189554,3.794383526
,M,ABA,NF,3,NO,12,170989,25140,16589,8395,10392,14744,21640,18391,25245,8137,5438,7836,9042,4905,3535,3796,3921,4220,3858.5,0.522374213,3.690639019,3.548389435,3.579326153,3.593396902,3.625312567,3.58641839
,M,ABA,NF,3,YES,5,85754,0,0,0,0,0,0,0,45888,21101,6235,8687,3843,23278,12991,12800,10939,18134.5,11869.5,0.604402721,4.366945744,4.113642693,4.107210159,4.038977623,4.258505821,4.074432373
,M,ABA,NF,3,NO,12,109297,9525,4738,4045,3483,8492,3884,4636,7839,37146,7786,7985,9738,7900,6747,3790,3688,7323.5,3739,0.662011325,3.897627115,3.829110622,3.578639269,3.566790819,3.864718676,3.572755575
,F,ABB,FF,3,YES,6,95340,0,0,0,0,0,0,24080,37448,11539,7834,10646,3793,3950,12896,4308,5588,8423,4948,0.629945397,3.596597195,4.110455036,3.634275675,3.747256279,3.925466776,3.694429636
,M,ABB,FF,3,YES,8,78385,0,0,0,0,19362,11398,10035,12036,7235,6333,6993,4993,6005,7690,7898,4042,6847.5,5970,0.53423053,3.778512955,3.885926247,3.897517204,3.606596231,3.83553195,3.775974274
,F,ABB,FF,3,YES,7,52358,0,0,0,0,0,11870,4099,19136,4533,4842,3293,4585,3850,5999,3843,8894,4924.5,6368.5,0.436066598,3.585460663,3.778078794,3.584670305,3.949097157,3.69236207,3.804037094
,F,ABB,FF,3,NO,12,73964,8512,8689,3741,7862,2983,3684,3388,17249,5992,4441,3186,4237,3200,2992,3238,2695,3096,2966.5,0.510680437,3.50515008,3.475961685,3.510276794,3.430558681,3.490800858,3.472244263
,M,ABB,FF,3,NO,12,90499,16873,7814,7539,5540,9536,7244,4839,4292,7489,6841,6644,5848,2940,2135,3642,6563,2537.5,5102.5,0.332133502,3.468347311,3.329397917,3.561339855,3.817102432,3.404406071,3.707782984
,M,ABB,FF,3,YES,5,60371,0,0,0,0,0,0,0,33020,13486,6085,4139,3641,6788,16749,6901,2493,11768.5,4697,0.714736879,3.83174181,4.22398901,3.83891201,3.396722317,4.070721149,3.671820641
,F,ABB,FF,3,NO,12,150852,23627,4085,3340,7534,20088,12139,12140,24097,12137,6789,14393,10483,3936,3943,8686,6547,3939.5,7616.5,0.34090516,3.595055103,3.595826864,3.938819885,3.816042423,3.595441103,3.881755352
,F,ABB,FF,3,NO,12,127689,6182,3153,7540,5593,25240,6990,15297,9234,8137,22544,11092,6687,4342,8587,5954,12011,6464.5,8982.5,0.418495506,3.637689829,3.933841467,3.774808884,4.079579353,3.810534954,3.953397274
,F,ABB,NF,3,YES,8,173828,0,0,0,0,6937,37007,12167,64388,6780,10781,11526,24242,7994,8225,7482,4339,8109.5,5910.5,0.578423679,3.902764082,3.91513586,3.874017715,3.63738966,3.908993959,3.771624327
,F,ABB,NF,3,NO,12,42826,8233,2951,3284,2441,2644,4241,3087,1791,4435,3143,3138,3438,3242,3188,4397,14900,3215,9648.5,0.249931976,3.510812998,3.503518343,3.643156528,4.173186302,3.507180929,3.984459877
,M,ABB,NF,3,YES,9,147240,0,0,0,11173,24490,20236,38746,8587,8985,19742,11893,3388,6499,3742,5005,11643,5120.5,8324,0.380862057,3.812846422,3.573103666,3.699404001,4.066064835,3.709312439,3.920331955
,F,ABB,NF,3,YES,7,152686,0,0,0,0,0,17119,61404,48544,8142,8443,4791,4243,12006,3137,7483,4134,7571.5,5808.5,0.565881908,4.079398155,3.496514559,3.874075651,3.61637044,3.879181862,3.764064074
,M,ABB,NF,3,YES,6,83042,0,0,0,0,0,0,36961,26239,7336,3886,3985,4635,11802,2098,4400,3490,6950,3945,0.637907326,4.071955681,3.321805477,3.643452644,3.54282546,3.841984749,3.596046925
,M,ABB,NF,3,YES,6,75508,0,0,0,0,0,0,34448,16500,11190,4494,4084,4792,15451,9446,12692,6843,12448.5,9767.5,0.560339391,4.188956738,3.97524786,4.10352993,3.835246563,4.095117092,3.989783525
,F,ABB,NF,3,YES,8,74708,0,0,0,0,18577,4392,10788,18941,8638,5543,3537,4292,6865,2384,4308,2495,4624.5,3401.5,0.576189876,3.836640596,3.377306223,3.634275675,3.397070646,3.665064812,3.53167057
,F,ABB,NF,3,YES,8,166709,0,0,0,0,17314,43548,32397,20991,18039,14943,8091,11386,13656,5534,9137,6233,9595,7685,0.555266201,4.135323524,3.743039131,3.960803509,3.794697046,3.982044935,3.885643959
,M,ABA,FF,4,YES,6,156106,0,0,0,0,0,0,78421,33777,15812,4078,16283,7735,8381,15711,7764,10770,12046,9267,0.565194964,3.923295736,4.196203709,3.890085459,4.032215595,4.080842972,3.966939211
,M,ABA,FF,4,YES,5,129473,0,0,0,0,0,0,0,91051,15097,7322,8311,7692,8414,7617,8031,19320,8015.5,13675.5,0.369531155,3.925002575,3.881783962,3.904769659,4.286006927,3.903930664,4.135943413
,M,ABA,FF,4,NO,12,77600,17020,4183,4474,3416,4359,4639,12245,8850,4277,3936,3922,6279,3824,3573,3479,3578,3698.5,3528.5,0.511761427,3.582517862,3.553033113,3.541454315,3.553640366,3.568025589,3.547590017
,M,ABA,FF,4,YES,7,65239,0,0,0,0,0,11963,8220,20896,7340,6680,3361,6779,2889,3447,4102,3949,3168,4025.5,0.44039759,3.46074748,3.537441254,3.612995625,3.596487045,3.500785112,3.604819775
,F,ABA,FF,4,YES,9,189332,0,0,0,53455,41778,6697,17260,16892,24836,8612,12839,6963,8781,7987,3500,3426,8384,3463,0.707689703,3.943543911,3.902383566,3.544068098,3.534787416,3.923451185,3.539452553
,F,ABA,FF,4,YES,5,137390,0,0,0,0,0,0,0,90947,12668,20630,4643,8502,31749,7573,18433,7517,19661,12975,0.602432907,4.501729965,3.879267931,4.265595913,3.876044512,4.293605804,4.113107204
,F,ABA,FF,4,YES,6,72624,0,0,0,0,0,0,17343,32752,11910,3173,3914,3532,7552,7805,2686,3727,7678.5,3206.5,0.705420315,3.87806201,3.892372847,3.429105997,3.571359396,3.885276318,3.506031275
,M,ABA,FF,4,YES,10,85092,0,0,7916,11700,20858,8761,6878,8770,4521,8388,4614,2686,3861,1974,7727,11088,2917.5,9407.5,0.236713991,3.586699724,3.295347214,3.888010979,4.04485321,3.465010881,3.973474264
,F,ABA,NF,4,YES,7,63245,0,0,0,0,0,22098,9106,11210,8712,4479,4589,3051,8996,10027,4333,4024,9511.5,4178.5,0.694777191,3.954049349,4.001171112,3.636788607,3.604657888,3.978249073,3.621020317
,F,ABA,NF,4,YES,6,281516,0,0,0,0,0,0,91035,90688,66866,8570,19914,4443,3317,3595,7578,5374,3456,6476,0.347966164,3.520745516,3.555698872,3.87955451,3.730297565,3.538573742,3.811306953
,M,ABA,NF,4,NO,12,112124,12729,8473,4938,7523,4264,37778,12523,4312,12397,874,2460,3853,4083,2673,5887,2804,3378,4345.5,0.437366486,3.610979319,3.426998854,3.769894123,3.447777987,3.528659582,3.638039827
,F,ABA,NF,4,YES,11,179347,0,32629,28643,31541,4719,8449,17905,27392,16053,2615,2820,6581,7814,2220,4167,2271,5017,3219,0.60915494,3.892873526,3.346353054,3.619823456,3.356217146,3.700443983,3.507720947
,M,ABA,NF,4,YES,9,197078,0,0,0,37705,49725,8208,20617,57454,4226,7984,7091,4068,7315,3952,3921,15051,5633.5,9486,0.37259829,3.86421442,3.596817017,3.593396902,4.177565575,3.750778198,3.977083206
,M,ABA,NF,4,YES,5,132499,0,0,0,0,0,0,0,79169,11930,25142,7807,8451,7441,3617,4080,19419,5529,11749.5,0.319993049,3.871631384,3.558348417,3.610660076,4.288227081,3.742646694,4.070019245
,M,ABA,NF,4,YES,6,108863,0,0,0,0,0,0,45351,36749,15308,7324,4015,116,4044,3121,7044,3483,3582.5,5263.5,0.404985309,3.606811047,3.49429369,3.847819328,3.541953564,3.554186106,3.721274614
,F,ABA,NF,4,YES,5,102193,0,0,0,0,0,0,0,56713,22242,16696,3580,2962,10382,2778,3766,2738,6580,3252,0.669243276,4.016281128,3.443732262,3.575880289,3.437433481,3.818225861,3.512150526
,M,ABB,FF,4,YES,8,67528,0,0,0,0,8980,8790,22025,6063,4668,9782,3886,3334,10946,4015,3539,3768,7480.5,3653.5,0.671860993,4.039255619,3.603685617,3.548880577,3.57611084,3.873930693,3.562709093
,M,ABB,FF,4,YES,5,150874,0,0,0,0,0,0,0,91126,25511,12846,8680,12711,4936,4063,8333,7968,4499.5,8150.5,0.355691701,3.693375111,3.608846903,3.920801401,3.901349306,3.653164148,3.911184311
,F,ABB,FF,4,YES,6,66776,0,0,0,0,0,0,29419,8426,8809,12296,4075,3751,4234,4135,10557,3910,4184.5,7233.5,0.366482735,3.626750946,3.616475582,4.023540497,3.592176676,3.621643543,3.859348536
,F,ABB,FF,4,YES,8,137032,0,0,0,0,30190,27658,11259,31536,15362,6761,7477,6789,2575,9169,6294,10837,5872,8565.5,0.406718612,3.41077733,3.962321997,3.79892683,4.034909248,3.768785954,3.932752609
,F,ABB,FF,4,YES,10,130463,0,0,47945,7950,6571,3552,16571,15889,7767,7600,11583,5035,8323,8816,8528,9101,8569.5,8814.5,0.4929533,3.92027998,3.945271492,3.930847168,3.959089041,3.932955503,3.945197582
,F,ABB,FF,4,YES,6,96532,0,0,0,0,0,0,43933,16309,6689,10718,11846,7037,10150,14313,26296,11385,12231.5,18840.5,0.393650234,4.006465912,4.155730724,4.419889927,4.056333065,4.087479591,4.275092602
,M,ABB,FF,4,NO,12,133617,8839,12771,7780,6250,4073,57125,7340,6858,7649,6033,3512,5387,1869,5159,3388,1467,3514,2427.5,0.591433167,3.271609306,3.712565422,3.529943466,3.166429996,3.54580164,3.385159254
,M,ABB,FF,4,YES,7,49695,0,0,0,0,0,16863,8391,6980,6044,4012,3714,3691,2551,2431,3449,3637,2491,3543,0.412827313,3.406710386,3.385784864,3.537693262,3.560743332,3.396373749,3.549371243
,M,ABB,NF,4,YES,7,105276,0,0,0,0,0,13568,35265,33123,7054,7856,4322,4088,9963,11262,6465,7070,10612.5,6767.5,0.610615671,3.998390198,4.051615715,3.810568571,3.849419355,4.025817871,3.830428362
,F,ABB,NF,4,YES,7,224987,0,0,0,0,0,65005,21650,77783,21630,17893,10735,10291,8115,6932,9030,8894,7523.5,8962,0.456370741,3.909288406,3.840858459,3.955687761,3.949097157,3.876420021,3.952404976
,F,ABB,NF,4,NO,12,89162,18122,4897,8333,8994,7211,4615,7933,4916,6898,5132,4518,7593,8544,2669,2704,4532,5606.5,3618,0.607783616,3.931661129,3.426348686,3.432006598,3.656289816,3.748691797,3.55846858
,F,ABB,NF,4,YES,10,136186,0,0,49186,7076,9186,11101,14002,23366,7385,5027,2979,6878,2676,668,3729,10792,1672,7260.5,0.187181637,3.427486181,2.824776411,3.571592331,4.033102036,3.223236322,3.860966444
,F,ABB,NF,4,YES,6,232692,0,0,0,0,0,0,90923,84645,24907,20340,3327,8550,36252,3173,3571,3381,19712.5,3476,0.850098133,4.559331894,3.501470089,3.552789927,3.529045105,4.294741631,3.54107976
,F,ABB,NF,4,YES,7,149590,0,0,0,0,0,68423,3428,30594,15645,10805,16726,3969,10288,10559,3461,2427,10423.5,2944,0.779764354,4.012331009,4.02362299,3.539201498,3.385069847,4.018013477,3.468937874
,F,ABB,NF,4,YES,7,126912,0,0,0,0,0,31950,24891,29138,21835,8380,4458,6260,3118,11199,2514,10437,7158.5,6475.5,0.52504766,3.493876219,4.049179077,3.400365353,4.018575668,3.85482192,3.811273336
,F,ABB,NF,4,YES,6,238142,0,0,0,0,0,0,91525,91603,25108,15924,7726,6256,14378,5853,6496,3313,10115.5,4904.5,0.673468709,4.157698631,3.767378569,3.812645912,3.520221472,4.00498724,3.690594673